,Cloud,Msg_light,Percentage of over-speed,Speed,Speed Msg,SpeedLimits,State Car,SunAltitude,TimePygame,Traffic_lights,Vehicle,Weather msg,fog,map,puddles,rain,wetness,wind
0,0.0,Green light,-45.56541061401367,16.330376815795898,You are respecting the current speed limits,30.0,NAVIGATING,90.0,0:00:01.904972,22.387056339842605,Audi Etron,Sunny,0.0,1.0,0.0,0.0,0.0,0.0
1,0.0,Green light,-99.81108033484047,0.05667589954785808,You are respecting the current speed limits,30.0,NAVIGATING,90.0,0:00:03.392058,22.387308952021215,Audi Etron,Sunny,0.0,1.0,0.0,0.0,0.0,0.0
2,0.0,Green light,-99.92601305642404,0.022196083072785568,You are respecting the current speed limits,30.0,NAVIGATING,90.0,0:00:03.690289,22.38733970705759,Audi Etron,Sunny,0.0,1.0,0.0,0.0,0.0,0.0
3,0.0,Green light,-99.97479712232888,0.007560863301338596,You are respecting the current speed limits,30.0,NAVIGATING,90.0,0:00:03.980737,22.38735963475409,Audi Etron,Sunny,0.0,1.0,0.0,0.0,0.0,0.0
4,0.0,Green light,-99.99120655662549,0.0026380330123527726,You are respecting the current speed limits,30.0,NAVIGATING,90.0,0:00:04.348270,22.387362987554006,Audi Etron,Sunny,0.0,1.0,0.0,0.0,0.0,0.0
5,0.0,Green light,-99.99543783670065,0.001368648989807478,You are respecting the current speed limits,30.0,NAVIGATING,90.0,0:00:04.704317,22.387364903453744,Audi Etron,Sunny,0.0,1.0,0.0,0.0,0.0,0.0
6,0.0,Green light,-99.99812692282163,0.0005619231535109342,You are respecting the current speed limits,30.0,NAVIGATING,90.0,0:00:05.038938,22.387365861407453,Audi Etron,Sunny,0.0,1.0,0.0,0.0,0.0,0.0
7,0.0,Green light,-99.99896984786277,0.000309045641171151,You are respecting the current speed limits,30.0,NAVIGATING,90.0,0:00:05.370051,22.387365861407453,Audi Etron,Sunny,0.0,1.0,0.0,0.0,0.0,0.0
8,0.0,Green light,-76.92776139537621,6.921671581387135,You are respecting the current speed limits,30.0,NAVIGATING,90.0,0:00:05.766048,22.17790649355593,Audi Etron,Sunny,0.0,1.0,0.0,0.0,0.0,0.0
9,0.0,Green light,-53.79014316624693,13.862957050125921,You are respecting the current speed limits,30.0,NAVIGATING,90.0,0:00:06.126088,21.601691908436884,Audi Etron,Sunny,0.0,1.0,0.0,0.0,0.0,0.0
10,0.0,Green light,-38.12900839620195,18.561297481139416,You are respecting the current speed limits,30.0,NAVIGATING,90.0,0:00:06.478146,20.761647431386812,Audi Etron,Sunny,0.0,1.0,0.0,0.0,0.0,0.0
11,0.0,Green light,-23.206375378751893,23.038087386374432,You are respecting the current speed limits,30.0,NAVIGATING,90.0,0:00:06.887671,19.41361518740707,Audi Etron,Sunny,0.0,1.0,0.0,0.0,0.0,0.0
12,0.0,Green light,-14.260616043993071,25.72181518680208,You are respecting the current speed limits,30.0,NAVIGATING,90.0,0:00:07.282648,18.06251396702354,Audi Etron,Sunny,0.0,1.0,0.0,0.0,0.0,0.0
13,0.0,Green light,-9.004468311963608,27.298659506410917,You are respecting the current speed limits,30.0,NAVIGATING,90.0,0:00:07.606297,16.473246797678247,Audi Etron,Sunny,0.0,1.0,0.0,0.0,0.0,0.0
14,0.0,Green light,-2.0381194128451225,29.388564176146463,You are respecting the current speed limits,30.0,NAVIGATING,90.0,0:00:07.924447,14.909586230458594,Audi Etron,Sunny,0.0,1.0,0.0,0.0,0.0,0.0
15,0.0,Green light,2.3069918958497957,30.69209756875494,You are respecting the current speed limits,30.0,NAVIGATING,90.0,0:00:08.339435,12.96213986024428,Audi Etron,Sunny,0.0,1.0,0.0,0.0,0.0,0.0
16,0.0,Green light,1.0372872326493385,30.3111861697948,You are respecting the current speed limits,30.0,NAVIGATING,90.0,0:00:08.656104,11.293851307167673,Audi Etron,Sunny,0.0,1.0,0.0,0.0,0.0,0.0
17,0.0,Red light,0.396859591013173,30.119057877303952,You are respecting the current speed limits,30.0,NAVIGATING,90.0,0:00:09.006575,9.53745708678182,Audi Etron,Sunny,0.0,1.0,0.0,0.0,0.0,0.0
18,0.0,Red light,9.39405406735465,32.818216220206395,You are respecting the current speed limits,30.0,BLOCKED_RED_LIGHT,90.0,0:00:09.327717,7.690118218672965,Audi Etron,Sunny,0.0,1.0,0.0,0.0,0.0,0.0
19,0.0,Red light,-7.650898775196767,27.70473036744097,You are respecting the current speed limits,30.0,BLOCKED_RED_LIGHT,90.0,0:00:09.666809,6.140084457678672,Audi Etron,Sunny,0.0,1.0,0.0,0.0,0.0,0.0
20,0.0,Red light,-32.63253143673308,20.210240568980076,You are respecting the current speed limits,30.0,BLOCKED_RED_LIGHT,90.0,0:00:09.986475,4.88956485575437,Audi Etron,Sunny,0.0,1.0,0.0,0.0,0.0,0.0
21,0.0,Red light,-58.68462157247267,12.3946135282582,You are respecting the current speed limits,30.0,BLOCKED_RED_LIGHT,90.0,0:00:10.345032,4.2181179137215725,Audi Etron,Sunny,0.0,1.0,0.0,0.0,0.0,0.0
22,0.0,Red light,-82.7934170085671,5.161974897429867,You are respecting the current speed limits,30.0,BLOCKED_RED_LIGHT,90.0,0:00:10.593368,3.921553801675279,Audi Etron,Sunny,0.0,1.0,0.0,0.0,0.0,0.0
23,0.0,Red light,-99.78115341706916,0.06565397487925323,You are respecting the current speed limits,30.0,BLOCKED_RED_LIGHT,90.0,0:00:10.905534,3.864269139632901,Audi Etron,Sunny,0.0,1.0,0.0,0.0,0.0,0.0
24,0.0,Red light,-99.76976819858989,0.06906954042303731,You are respecting the current speed limits,30.0,BLOCKED_RED_LIGHT,90.0,0:00:11.223684,3.859514385706689,Audi Etron,Sunny,0.0,1.0,0.0,0.0,0.0,0.0
25,0.0,Red light,-99.87799329221303,0.03660201233608833,You are respecting the current speed limits,30.0,BLOCKED_RED_LIGHT,90.0,0:00:11.557791,3.8566863532219,Audi Etron,Sunny,0.0,1.0,0.0,0.0,0.0,0.0
26,0.0,Red light,-99.95264167907223,0.014207496278331903,You are respecting the current speed limits,30.0,BLOCKED_RED_LIGHT,90.0,0:00:11.881793,3.8554584158647907,Audi Etron,Sunny,0.0,1.0,0.0,0.0,0.0,0.0
27,0.0,Red light,-100.0,0.0,You are respecting the current speed limits,30.0,BLOCKED_RED_LIGHT,90.0,0:00:12.246816,3.8550593284915173,Audi Etron,Sunny,0.0,1.0,0.0,0.0,0.0,0.0
28,0.0,Red light,-100.0,0.0,You are respecting the current speed limits,30.0,BLOCKED_RED_LIGHT,90.0,0:00:12.519089,3.8550593284915173,Audi Etron,Sunny,0.0,1.0,0.0,0.0,0.0,0.0
29,0.0,Red light,-100.0,0.0,You are respecting the current speed limits,30.0,BLOCKED_RED_LIGHT,90.0,0:00:12.849222,3.8550593284915173,Audi Etron,Sunny,0.0,1.0,0.0,0.0,0.0,0.0
30,0.0,Red light,-100.0,0.0,You are respecting the current speed limits,30.0,BLOCKED_RED_LIGHT,90.0,0:00:13.200782,3.8550593284915173,Audi Etron,Sunny,0.0,1.0,0.0,0.0,0.0,0.0
31,0.0,Red light,-100.0,0.0,You are respecting the current speed limits,30.0,BLOCKED_RED_LIGHT,90.0,0:00:13.767268,3.8550593284915173,Audi Etron,Sunny,0.0,1.0,0.0,0.0,0.0,0.0
32,0.0,Red light,-100.0,0.0,You are respecting the current speed limits,30.0,BLOCKED_RED_LIGHT,90.0,0:00:14.110861,3.8550593284915173,Audi Etron,Sunny,0.0,1.0,0.0,0.0,0.0,0.0
33,0.0,Red light,-100.0,0.0,You are respecting the current speed limits,30.0,BLOCKED_RED_LIGHT,90.0,0:00:14.409066,3.8550593284915173,Audi Etron,Sunny,0.0,1.0,0.0,0.0,0.0,0.0
34,0.0,Red light,-100.0,0.0,You are respecting the current speed limits,30.0,BLOCKED_RED_LIGHT,90.0,0:00:14.680850,3.8550593284915173,Audi Etron,Sunny,0.0,1.0,0.0,0.0,0.0,0.0
35,0.0,Red light,-100.0,0.0,You are respecting the current speed limits,30.0,BLOCKED_RED_LIGHT,90.0,0:00:14.963641,3.8550593284915173,Audi Etron,Sunny,0.0,1.0,0.0,0.0,0.0,0.0
36,0.0,Red light,-100.0,0.0,You are respecting the current speed limits,30.0,BLOCKED_RED_LIGHT,90.0,0:00:15.313705,3.8550593284915173,Audi Etron,Sunny,0.0,1.0,0.0,0.0,0.0,0.0
37,0.0,Red light,-100.0,0.0,You are respecting the current speed limits,30.0,BLOCKED_RED_LIGHT,90.0,0:00:15.621881,3.8550593284915173,Audi Etron,Sunny,0.0,1.0,0.0,0.0,0.0,0.0
38,0.0,Red light,-100.0,0.0,You are respecting the current speed limits,30.0,BLOCKED_RED_LIGHT,90.0,0:00:17.203988,3.8550593284915173,Audi Etron,Sunny,0.0,1.0,0.0,0.0,0.0,0.0
39,0.0,Red light,-100.0,0.0,You are respecting the current speed limits,30.0,BLOCKED_RED_LIGHT,90.0,0:00:17.514225,3.8550593284915173,Audi Etron,Sunny,0.0,1.0,0.0,0.0,0.0,0.0
40,0.0,Red light,-100.0,0.0,You are respecting the current speed limits,30.0,BLOCKED_RED_LIGHT,90.0,0:00:17.851838,3.8550593284915173,Audi Etron,Sunny,0.0,1.0,0.0,0.0,0.0,0.0
41,0.0,Red light,-100.0,0.0,You are respecting the current speed limits,30.0,BLOCKED_RED_LIGHT,90.0,0:00:18.494183,3.8550593284915173,Audi Etron,Sunny,0.0,1.0,0.0,0.0,0.0,0.0
42,0.0,Red light,-100.0,0.0,You are respecting the current speed limits,30.0,BLOCKED_RED_LIGHT,90.0,0:00:18.815325,3.8550593284915173,Audi Etron,Sunny,0.0,1.0,0.0,0.0,0.0,0.0
43,0.0,Red light,-100.0,0.0,You are respecting the current speed limits,30.0,BLOCKED_RED_LIGHT,90.0,0:00:19.151429,3.8550593284915173,Audi Etron,Sunny,0.0,1.0,0.0,0.0,0.0,0.0
44,0.0,Red light,-100.0,0.0,You are respecting the current speed limits,30.0,BLOCKED_RED_LIGHT,90.0,0:00:19.544839,3.8550593284915173,Audi Etron,Sunny,0.0,1.0,0.0,0.0,0.0,0.0
45,0.0,Red light,-100.0,0.0,You are respecting the current speed limits,30.0,BLOCKED_RED_LIGHT,90.0,0:00:19.793925,3.8550593284915173,Audi Etron,Sunny,0.0,1.0,0.0,0.0,0.0,0.0
46,0.0,Red light,-100.0,0.0,You are respecting the current speed limits,30.0,BLOCKED_RED_LIGHT,90.0,0:00:20.103127,3.8550593284915173,Audi Etron,Sunny,0.0,1.0,0.0,0.0,0.0,0.0
47,0.0,Red light,-100.0,0.0,You are respecting the current speed limits,30.0,BLOCKED_RED_LIGHT,90.0,0:00:20.398340,3.8550593284915173,Audi Etron,Sunny,0.0,1.0,0.0,0.0,0.0,0.0
48,0.0,Red light,-100.0,0.0,You are respecting the current speed limits,30.0,BLOCKED_RED_LIGHT,90.0,0:00:20.701528,3.8550593284915173,Audi Etron,Sunny,0.0,1.0,0.0,0.0,0.0,0.0
49,0.0,Red light,-100.0,0.0,You are respecting the current speed limits,30.0,BLOCKED_RED_LIGHT,90.0,0:00:21.037268,3.8550593284915173,Audi Etron,Sunny,0.0,1.0,0.0,0.0,0.0,0.0
50,0.0,Red light,-100.0,0.0,You are respecting the current speed limits,30.0,BLOCKED_RED_LIGHT,90.0,0:00:21.361870,3.8550593284915173,Audi Etron,Sunny,0.0,1.0,0.0,0.0,0.0,0.0
51,0.0,Red light,-100.0,0.0,You are respecting the current speed limits,30.0,BLOCKED_RED_LIGHT,90.0,0:00:21.635138,3.8550593284915173,Audi Etron,Sunny,0.0,1.0,0.0,0.0,0.0,0.0
52,0.0,Red light,-100.0,0.0,You are respecting the current speed limits,30.0,BLOCKED_RED_LIGHT,90.0,0:00:21.900429,3.8550593284915173,Audi Etron,Sunny,0.0,1.0,0.0,0.0,0.0,0.0
53,0.0,Red light,-100.0,0.0,You are respecting the current speed limits,30.0,BLOCKED_RED_LIGHT,90.0,0:00:22.233540,3.8550593284915173,Audi Etron,Sunny,0.0,1.0,0.0,0.0,0.0,0.0
54,0.0,Red light,-100.0,0.0,You are respecting the current speed limits,30.0,BLOCKED_RED_LIGHT,90.0,0:00:22.541715,3.8550593284915173,Audi Etron,Sunny,0.0,1.0,0.0,0.0,0.0,0.0
55,0.0,Red light,-100.0,0.0,You are respecting the current speed limits,30.0,BLOCKED_RED_LIGHT,90.0,0:00:22.788007,3.8550593284915173,Audi Etron,Sunny,0.0,1.0,0.0,0.0,0.0,0.0
56,0.0,Red light,-100.0,0.0,You are respecting the current speed limits,30.0,BLOCKED_RED_LIGHT,90.0,0:00:23.097414,3.8550593284915173,Audi Etron,Sunny,0.0,1.0,0.0,0.0,0.0,0.0
57,0.0,Red light,-100.0,0.0,You are respecting the current speed limits,30.0,BLOCKED_RED_LIGHT,90.0,0:00:23.338769,3.8550593284915173,Audi Etron,Sunny,0.0,1.0,0.0,0.0,0.0,0.0
58,0.0,Red light,-100.0,0.0,You are respecting the current speed limits,30.0,BLOCKED_RED_LIGHT,90.0,0:00:23.607052,3.8550593284915173,Audi Etron,Sunny,0.0,1.0,0.0,0.0,0.0,0.0
59,0.0,Red light,-100.0,0.0,You are respecting the current speed limits,30.0,BLOCKED_RED_LIGHT,90.0,0:00:23.852397,3.8550593284915173,Audi Etron,Sunny,0.0,1.0,0.0,0.0,0.0,0.0
60,0.0,Red light,-100.0,0.0,You are respecting the current speed limits,30.0,BLOCKED_RED_LIGHT,90.0,0:00:24.121821,3.8550593284915173,Audi Etron,Sunny,0.0,1.0,0.0,0.0,0.0,0.0
61,0.0,Red light,-100.0,0.0,You are respecting the current speed limits,30.0,BLOCKED_RED_LIGHT,90.0,0:00:24.455580,3.8550593284915173,Audi Etron,Sunny,0.0,1.0,0.0,0.0,0.0,0.0
62,0.0,Red light,-100.0,0.0,You are respecting the current speed limits,30.0,BLOCKED_RED_LIGHT,90.0,0:00:24.702437,3.8550593284915173,Audi Etron,Sunny,0.0,1.0,0.0,0.0,0.0,0.0
63,0.0,Red light,-100.0,0.0,You are respecting the current speed limits,30.0,BLOCKED_RED_LIGHT,90.0,0:00:24.975475,3.8550593284915173,Audi Etron,Sunny,0.0,1.0,0.0,0.0,0.0,0.0
64,0.0,Red light,-100.0,0.0,You are respecting the current speed limits,30.0,BLOCKED_RED_LIGHT,90.0,0:00:25.252736,3.8550593284915173,Audi Etron,Sunny,0.0,1.0,0.0,0.0,0.0,0.0
65,0.0,Red light,-100.0,0.0,You are respecting the current speed limits,30.0,BLOCKED_RED_LIGHT,90.0,0:00:25.548100,3.8550593284915173,Audi Etron,Sunny,0.0,1.0,0.0,0.0,0.0,0.0
66,0.0,Red light,-100.0,0.0,You are respecting the current speed limits,30.0,BLOCKED_RED_LIGHT,90.0,0:00:25.876710,3.8550593284915173,Audi Etron,Sunny,0.0,1.0,0.0,0.0,0.0,0.0
67,0.0,Red light,-100.0,0.0,You are respecting the current speed limits,30.0,BLOCKED_RED_LIGHT,90.0,0:00:26.466654,3.8550593284915173,Audi Etron,Sunny,0.0,1.0,0.0,0.0,0.0,0.0
68,0.0,Red light,-100.0,0.0,You are respecting the current speed limits,30.0,BLOCKED_RED_LIGHT,90.0,0:00:26.755882,3.8550593284915173,Audi Etron,Sunny,0.0,1.0,0.0,0.0,0.0,0.0
69,0.0,Red light,-100.0,0.0,You are respecting the current speed limits,30.0,BLOCKED_RED_LIGHT,90.0,0:00:27.223148,3.8550593284915173,Audi Etron,Sunny,0.0,1.0,0.0,0.0,0.0,0.0
70,0.0,Red light,-100.0,0.0,You are respecting the current speed limits,30.0,BLOCKED_RED_LIGHT,90.0,0:00:27.513801,3.8550593284915173,Audi Etron,Sunny,0.0,1.0,0.0,0.0,0.0,0.0
71,0.0,Red light,-100.0,0.0,You are respecting the current speed limits,30.0,BLOCKED_RED_LIGHT,90.0,0:00:27.821195,3.8550593284915173,Audi Etron,Sunny,0.0,1.0,0.0,0.0,0.0,0.0
72,0.0,Red light,-100.0,0.0,You are respecting the current speed limits,30.0,BLOCKED_RED_LIGHT,90.0,0:00:28.083006,3.8550593284915173,Audi Etron,Sunny,0.0,1.0,0.0,0.0,0.0,0.0
73,0.0,Red light,-100.0,0.0,You are respecting the current speed limits,30.0,BLOCKED_RED_LIGHT,90.0,0:00:28.461993,3.8550593284915173,Audi Etron,Sunny,0.0,1.0,0.0,0.0,0.0,0.0
74,0.0,Red light,-100.0,0.0,You are respecting the current speed limits,30.0,BLOCKED_RED_LIGHT,90.0,0:00:29.193566,3.8550593284915173,Audi Etron,Sunny,0.0,1.0,0.0,0.0,0.0,0.0
75,0.0,Red light,-100.0,0.0,You are respecting the current speed limits,30.0,BLOCKED_RED_LIGHT,90.0,0:00:29.497266,3.8550593284915173,Audi Etron,Sunny,0.0,1.0,0.0,0.0,0.0,0.0
76,0.0,Red light,-100.0,0.0,You are respecting the current speed limits,30.0,BLOCKED_RED_LIGHT,90.0,0:00:29.860808,3.8550593284915173,Audi Etron,Sunny,0.0,1.0,0.0,0.0,0.0,0.0
77,0.0,Red light,-100.0,0.0,You are respecting the current speed limits,30.0,BLOCKED_RED_LIGHT,90.0,0:00:30.211871,3.8550593284915173,Audi Etron,Sunny,0.0,1.0,0.0,0.0,0.0,0.0
78,0.0,Red light,-100.0,0.0,You are respecting the current speed limits,30.0,BLOCKED_RED_LIGHT,90.0,0:00:30.567922,3.8550593284915173,Audi Etron,Sunny,0.0,1.0,0.0,0.0,0.0,0.0
79,0.0,Red light,-100.0,0.0,You are respecting the current speed limits,30.0,BLOCKED_RED_LIGHT,90.0,0:00:30.839194,3.8550593284915173,Audi Etron,Sunny,0.0,1.0,0.0,0.0,0.0,0.0
80,0.0,Red light,-100.0,0.0,You are respecting the current speed limits,30.0,BLOCKED_RED_LIGHT,90.0,0:00:31.157533,3.8550593284915173,Audi Etron,Sunny,0.0,1.0,0.0,0.0,0.0,0.0
81,0.0,Red light,-100.0,0.0,You are respecting the current speed limits,30.0,BLOCKED_RED_LIGHT,90.0,0:00:31.431800,3.8550593284915173,Audi Etron,Sunny,0.0,1.0,0.0,0.0,0.0,0.0
82,0.0,Red light,-100.0,0.0,You are respecting the current speed limits,30.0,BLOCKED_RED_LIGHT,90.0,0:00:31.744962,3.8550593284915173,Audi Etron,Sunny,0.0,1.0,0.0,0.0,0.0,0.0
83,0.0,Red light,-100.0,0.0,You are respecting the current speed limits,30.0,BLOCKED_RED_LIGHT,90.0,0:00:32.251122,3.8550593284915173,Audi Etron,Sunny,0.0,1.0,0.0,0.0,0.0,0.0
84,0.0,Red light,-100.0,0.0,You are respecting the current speed limits,30.0,BLOCKED_RED_LIGHT,90.0,0:00:32.608126,3.8550593284915173,Audi Etron,Sunny,0.0,1.0,0.0,0.0,0.0,0.0
85,0.0,Red light,-100.0,0.0,You are respecting the current speed limits,30.0,BLOCKED_RED_LIGHT,90.0,0:00:32.949215,3.8550593284915173,Audi Etron,Sunny,0.0,1.0,0.0,0.0,0.0,0.0
86,0.0,Red light,-100.0,0.0,You are respecting the current speed limits,30.0,BLOCKED_RED_LIGHT,90.0,0:00:34.350098,3.8550593284915173,Audi Etron,Sunny,0.0,1.0,0.0,0.0,0.0,0.0
87,0.0,Red light,-100.0,0.0,You are respecting the current speed limits,30.0,BLOCKED_RED_LIGHT,90.0,0:00:34.677741,3.8550593284915173,Audi Etron,Sunny,0.0,1.0,0.0,0.0,0.0,0.0
88,0.0,Green light,-100.0,0.0,You are respecting the current speed limits,30.0,BLOCKED_RED_LIGHT,90.0,0:00:34.988719,3.8550593284915173,Audi Etron,Sunny,0.0,1.0,0.0,0.0,0.0,0.0
89,0.0,Green light,-99.86102350491724,0.04169294852482507,You are respecting the current speed limits,30.0,NAVIGATING,90.0,0:00:35.283930,3.8553177522104236,Audi Etron,Sunny,0.0,1.0,0.0,0.0,0.0,0.0
90,0.0,Red light,-97.7089789473599,0.6873063157920324,You are respecting the current speed limits,30.0,NAVIGATING,90.0,0:00:35.585654,3.8493930265063043,Audi Etron,Sunny,0.0,1.0,0.0,0.0,0.0,0.0
91,0.0,Red light,-83.04437196279054,5.08668841116284,You are respecting the current speed limits,30.0,NAVIGATING,90.0,0:00:35.940858,3.710560810175841,Audi Etron,Sunny,0.0,1.0,0.0,0.0,0.0,0.0
92,0.0,Red light,-70.23279531550735,8.930161405347796,You are respecting the current speed limits,30.0,NAVIGATING,90.0,0:00:36.265018,3.417581851351139,Audi Etron,Sunny,0.0,1.0,0.0,0.0,0.0,0.0
93,0.0,Red light,-60.185090133558084,11.944472959932574,You are respecting the current speed limits,30.0,NAVIGATING,90.0,0:00:36.551255,3.07030451780394,Audi Etron,Sunny,0.0,1.0,0.0,0.0,0.0,0.0
94,0.0,Green light,-25.876092777351772,22.23717216679447,You are respecting the current speed limits,30.0,NAVIGATING,90.0,0:00:37.656518,3.1286621879331302,Audi Etron,Sunny,0.0,1.0,0.0,0.0,0.0,0.0
95,0.0,Green light,-26.97498982916485,21.907503051250544,You are respecting the current speed limits,30.0,NAVIGATING,90.0,0:00:37.939766,4.027683274127149,Audi Etron,Sunny,0.0,1.0,0.0,0.0,0.0,0.0
96,0.0,Green light,-27.70790771552805,21.687627685341585,You are respecting the current speed limits,30.0,NAVIGATING,90.0,0:00:38.246944,4.966801427301194,Audi Etron,Sunny,0.0,1.0,0.0,0.0,0.0,0.0
97,0.0,Green light,-23.535639527123458,22.939308141862963,You are respecting the current speed limits,30.0,NAVIGATING,90.0,0:00:38.586038,6.008502578825676,Audi Etron,Sunny,0.0,1.0,0.0,0.0,0.0,0.0
98,0.0,Green light,-17.33140785640348,24.800577643078956,You are respecting the current speed limits,30.0,NAVIGATING,90.0,0:00:38.876278,6.945448099964941,Audi Etron,Sunny,0.0,1.0,0.0,0.0,0.0,0.0
99,0.0,Green light,-12.046446729071137,26.38606598127866,You are respecting the current speed limits,30.0,NAVIGATING,90.0,0:00:39.145769,7.668270695708577,Audi Etron,Sunny,0.0,1.0,0.0,0.0,0.0,0.0
100,0.0,Green light,-6.485574552093544,28.054327634371937,You are respecting the current speed limits,30.0,NAVIGATING,90.0,0:00:39.431039,8.546005667773006,Audi Etron,Sunny,0.0,1.0,0.0,0.0,0.0,0.0
101,0.0,Green light,-0.814636600390024,29.755609019882993,You are respecting the current speed limits,30.0,NAVIGATING,90.0,0:00:39.700320,9.8352352175133,Audi Etron,Sunny,0.0,1.0,0.0,0.0,0.0,0.0
102,0.0,Green light,-0.9806454031196546,29.705806379064104,You are respecting the current speed limits,30.0,NAVIGATING,90.0,0:00:39.966609,8.478241370685996,Audi Etron,Sunny,0.0,1.0,0.0,0.0,0.0,0.0
103,0.0,Green light,-2.742863454747564,29.17714096357573,You are respecting the current speed limits,30.0,NAVIGATING,90.0,0:00:40.262817,7.265516374995383,Audi Etron,Sunny,0.0,1.0,0.0,0.0,0.0,0.0
104,0.0,Green light,5.820720125200604,31.74621603756018,You are respecting the current speed limits,30.0,NAVIGATING,90.0,0:00:40.522402,6.339646526649657,Audi Etron,Sunny,0.0,1.0,0.0,0.0,0.0,0.0
105,0.0,Green light,10.491321335646452,33.147396400693935,You are respecting the current speed limits,30.0,NAVIGATING,90.0,0:00:40.815225,5.799021951198389,Audi Etron,Sunny,0.0,1.0,0.0,0.0,0.0,0.0
106,0.0,Green light,6.381869109355343,31.914560732806603,You are respecting the current speed limits,30.0,NAVIGATING,90.0,0:00:41.096822,5.879814699975479,Audi Etron,Sunny,0.0,1.0,0.0,0.0,0.0,0.0
107,0.0,Green light,-1.9683091611874557,29.409507251643763,You are respecting the current speed limits,30.0,NAVIGATING,90.0,0:00:41.414487,6.766353487551155,Audi Etron,Sunny,0.0,1.0,0.0,0.0,0.0,0.0
108,0.0,Green light,-11.078439064917447,26.676468280524766,You are respecting the current speed limits,30.0,NAVIGATING,90.0,0:00:41.724659,8.15718354144173,Audi Etron,Sunny,0.0,1.0,0.0,0.0,0.0,0.0
109,0.0,Green light,-15.154098559676624,25.453770432097013,You are respecting the current speed limits,30.0,NAVIGATING,90.0,0:00:42.011890,9.479027578021048,Audi Etron,Sunny,0.0,1.0,0.0,0.0,0.0,0.0
110,0.0,Green light,-11.516993741779823,26.544901877466053,You are respecting the current speed limits,30.0,NAVIGATING,90.0,0:00:42.305618,10.56972661391684,Audi Etron,Sunny,0.0,1.0,0.0,0.0,0.0,0.0
111,0.0,Green light,-4.870910311880745,28.538726906435777,You are respecting the current speed limits,30.0,NAVIGATING,90.0,0:00:42.603005,11.991043592297085,Audi Etron,Sunny,0.0,1.0,0.0,0.0,0.0,0.0
112,0.0,Green light,0.7675382742643914,30.230261482279317,You are respecting the current speed limits,30.0,NAVIGATING,90.0,0:00:42.872416,13.487146403400883,Audi Etron,Sunny,0.0,1.0,0.0,0.0,0.0,0.0
113,0.0,Green light,-4.146376390256658,28.756087082923003,You are respecting the current speed limits,30.0,NAVIGATING,90.0,0:00:43.146200,14.98200705591286,Audi Etron,Sunny,0.0,1.0,0.0,0.0,0.0,0.0
114,0.0,Green light,-14.198699556367014,25.740390133089896,You are respecting the current speed limits,30.0,NAVIGATING,90.0,0:00:43.482301,16.623521239028058,Audi Etron,Sunny,0.0,1.0,0.0,0.0,0.0,0.0
115,0.0,Green light,-14.986252845649314,25.504124146305205,You are respecting the current speed limits,30.0,NAVIGATING,90.0,0:00:43.804951,16.026559155023538,Audi Etron,Sunny,0.0,1.0,0.0,0.0,0.0,0.0
116,0.0,Green light,-17.484239967801873,24.754728009659438,You are respecting the current speed limits,30.0,NAVIGATING,90.0,0:00:44.084403,14.627322694077261,Audi Etron,Sunny,0.0,1.0,0.0,0.0,0.0,0.0
117,0.0,Green light,-20.69014660857647,23.79295601742706,You are respecting the current speed limits,30.0,NAVIGATING,90.0,0:00:44.460088,12.904085029634915,Audi Etron,Sunny,0.0,1.0,0.0,0.0,0.0,0.0
118,0.0,Green light,-10.197036332226984,26.940889100331905,You are respecting the current speed limits,30.0,NAVIGATING,90.0,0:00:44.790533,11.256591320970063,Audi Etron,Sunny,0.0,1.0,0.0,0.0,0.0,0.0
119,0.0,Red light,-3.347046608216253,28.995886017535124,You are respecting the current speed limits,30.0,NAVIGATING,90.0,0:00:45.124640,9.366223002618195,Audi Etron,Sunny,0.0,1.0,0.0,0.0,0.0,0.0
120,0.0,Red light,-17.14327328110323,24.85701801566903,You are respecting the current speed limits,30.0,BLOCKED_RED_LIGHT,90.0,0:00:45.507134,7.232830484347143,Audi Etron,Sunny,0.0,1.0,0.0,0.0,0.0,0.0
121,0.0,Red light,-43.015237393838106,17.095428781848568,You are respecting the current speed limits,30.0,BLOCKED_RED_LIGHT,90.0,0:00:45.821301,6.015650004435482,Audi Etron,Sunny,0.0,1.0,0.0,0.0,0.0,0.0
122,0.0,Red light,-99.75400289122115,0.07379913263365655,You are respecting the current speed limits,30.0,BLOCKED_RED_LIGHT,90.0,0:00:46.717740,5.1812374505578065,Audi Etron,Sunny,0.0,1.0,0.0,0.0,0.0,0.0
123,0.0,Red light,-99.8863833813498,0.034084985595061804,You are respecting the current speed limits,30.0,BLOCKED_RED_LIGHT,90.0,0:00:47.058830,5.176559609201484,Audi Etron,Sunny,0.0,1.0,0.0,0.0,0.0,0.0
124,0.0,Red light,-99.97067749107124,0.008796752678626616,You are respecting the current speed limits,30.0,BLOCKED_RED_LIGHT,90.0,0:00:47.439020,5.174819343613494,Audi Etron,Sunny,0.0,1.0,0.0,0.0,0.0,0.0
125,0.0,Red light,-100.0,0.0,You are respecting the current speed limits,30.0,BLOCKED_RED_LIGHT,90.0,0:00:47.718274,5.174641893226542,Audi Etron,Sunny,0.0,1.0,0.0,0.0,0.0,0.0
126,0.0,Red light,-100.0,0.0,You are respecting the current speed limits,30.0,BLOCKED_RED_LIGHT,90.0,0:00:48.089522,5.174641893226542,Audi Etron,Sunny,0.0,1.0,0.0,0.0,0.0,0.0
127,0.0,Red light,-100.0,0.0,You are respecting the current speed limits,30.0,BLOCKED_RED_LIGHT,90.0,0:00:48.501933,5.174641893226542,Audi Etron,Sunny,0.0,1.0,0.0,0.0,0.0,0.0
128,0.0,Red light,-100.0,0.0,You are respecting the current speed limits,30.0,BLOCKED_RED_LIGHT,90.0,0:00:48.921511,5.174641893226542,Audi Etron,Sunny,0.0,1.0,0.0,0.0,0.0,0.0
129,0.0,Red light,-100.0,0.0,You are respecting the current speed limits,30.0,BLOCKED_RED_LIGHT,90.0,0:00:49.306513,5.174641893226542,Audi Etron,Sunny,0.0,1.0,0.0,0.0,0.0,0.0
130,0.0,Red light,-100.0,0.0,You are respecting the current speed limits,30.0,BLOCKED_RED_LIGHT,90.0,0:00:49.696979,5.174641893226542,Audi Etron,Sunny,0.0,1.0,0.0,0.0,0.0,0.0
131,0.0,Red light,-100.0,0.0,You are respecting the current speed limits,30.0,BLOCKED_RED_LIGHT,90.0,0:00:50.047042,5.174641893226542,Audi Etron,Sunny,0.0,1.0,0.0,0.0,0.0,0.0
132,0.0,Red light,-100.0,0.0,You are respecting the current speed limits,30.0,BLOCKED_RED_LIGHT,90.0,0:00:50.412066,5.174641893226542,Audi Etron,Sunny,0.0,1.0,0.0,0.0,0.0,0.0
133,0.0,Red light,-100.0,0.0,You are respecting the current speed limits,30.0,BLOCKED_RED_LIGHT,90.0,0:00:50.764640,5.174641893226542,Audi Etron,Sunny,0.0,1.0,0.0,0.0,0.0,0.0
134,0.0,Red light,-100.0,0.0,You are respecting the current speed limits,30.0,BLOCKED_RED_LIGHT,90.0,0:00:51.154072,5.174641893226542,Audi Etron,Sunny,0.0,1.0,0.0,0.0,0.0,0.0
135,0.0,Red light,-100.0,0.0,You are respecting the current speed limits,30.0,BLOCKED_RED_LIGHT,90.0,0:00:51.589464,5.174641893226542,Audi Etron,Sunny,0.0,1.0,0.0,0.0,0.0,0.0
136,0.0,Red light,-100.0,0.0,You are respecting the current speed limits,30.0,BLOCKED_RED_LIGHT,90.0,0:00:51.999369,5.174641893226542,Audi Etron,Sunny,0.0,1.0,0.0,0.0,0.0,0.0
137,0.0,Red light,-100.0,0.0,You are respecting the current speed limits,30.0,BLOCKED_RED_LIGHT,90.0,0:00:52.336980,5.174641893226542,Audi Etron,Sunny,0.0,1.0,0.0,0.0,0.0,0.0
138,0.0,Red light,-100.0,0.0,You are respecting the current speed limits,30.0,BLOCKED_RED_LIGHT,90.0,0:00:53.843683,5.174641893226542,Audi Etron,Sunny,0.0,1.0,0.0,0.0,0.0,0.0
139,0.0,Red light,-100.0,0.0,You are respecting the current speed limits,30.0,BLOCKED_RED_LIGHT,90.0,0:00:54.245610,5.174641893226542,Audi Etron,Sunny,0.0,1.0,0.0,0.0,0.0,0.0
140,0.0,Red light,-100.0,0.0,You are respecting the current speed limits,30.0,BLOCKED_RED_LIGHT,90.0,0:00:54.586763,5.174641893226542,Audi Etron,Sunny,0.0,1.0,0.0,0.0,0.0,0.0
141,0.0,Green light,-99.85281309828694,0.04415607051391668,You are respecting the current speed limits,30.0,NAVIGATING,90.0,0:00:54.964755,5.17521345836755,Audi Etron,Sunny,0.0,1.0,0.0,0.0,0.0,0.0
142,0.0,Green light,-96.31140920536016,1.1065772383919505,You are respecting the current speed limits,30.0,NAVIGATING,90.0,0:00:55.306841,5.152635232306723,Audi Etron,Sunny,0.0,1.0,0.0,0.0,0.0,0.0
143,0.0,Green light,-81.8671399026868,5.439858029193961,You are respecting the current speed limits,30.0,NAVIGATING,90.0,0:00:55.675853,4.928605956556156,Audi Etron,Sunny,0.0,1.0,0.0,0.0,0.0,0.0
144,0.0,Green light,-58.057359078354956,12.582792276493514,You are respecting the current speed limits,30.0,NAVIGATING,90.0,0:00:56.206027,4.045255633426803,Audi Etron,Sunny,0.0,1.0,0.0,0.0,0.0,0.0
145,0.0,Green light,-44.55871555746248,16.632385332761256,You are respecting the current speed limits,30.0,NAVIGATING,90.0,0:00:56.571050,3.181261157343129,Audi Etron,Sunny,0.0,1.0,0.0,0.0,0.0,0.0
146,0.0,Red light,-33.01213901924019,20.096358294227944,You are respecting the current speed limits,30.0,NAVIGATING,90.0,0:00:56.900170,2.3219789878267396,Audi Etron,Sunny,0.0,1.0,0.0,0.0,0.0,0.0
147,0.0,Green light,-28.47025188274618,21.458924435176147,You are respecting the current speed limits,30.0,NAVIGATING,90.0,0:00:57.292123,2.027029416246176,Audi Etron,Sunny,0.0,1.0,0.0,0.0,0.0,0.0
148,0.0,Green light,-30.17020328963768,20.948939013108696,You are respecting the current speed limits,30.0,NAVIGATING,90.0,0:00:57.644215,2.6418673489278652,Audi Etron,Sunny,0.0,1.0,0.0,0.0,0.0,0.0
149,0.0,Green light,-24.2412562365912,22.72762312902264,You are respecting the current speed limits,30.0,NAVIGATING,90.0,0:00:57.990290,3.778122295131705,Audi Etron,Sunny,0.0,1.0,0.0,0.0,0.0,0.0
150,0.0,Green light,-18.7618706301172,24.37143881096484,You are respecting the current speed limits,30.0,NAVIGATING,90.0,0:00:58.742324,6.803695712467095,Audi Etron,Sunny,0.0,1.0,0.0,0.0,0.0,0.0
151,0.0,Green light,-11.100541458105734,26.66983756256828,You are respecting the current speed limits,30.0,NAVIGATING,90.0,0:00:59.071544,7.752617536284488,Audi Etron,Sunny,0.0,1.0,0.0,0.0,0.0,0.0
152,0.0,Green light,-4.506543819502748,28.648036854149176,You are respecting the current speed limits,30.0,NAVIGATING,90.0,0:00:59.461017,9.24919584970445,Audi Etron,Sunny,0.0,1.0,0.0,0.0,0.0,0.0
153,0.0,Green light,-19.3072803310062,24.20781590069814,You are respecting the current speed limits,30.0,NAVIGATING,90.0,0:00:59.793131,8.347685804448707,Audi Etron,Sunny,0.0,1.0,0.0,0.0,0.0,0.0
154,0.0,Green light,-23.90850173301466,22.827449480095602,You are respecting the current speed limits,30.0,NAVIGATING,90.0,0:01:00.152172,7.940111287737879,Audi Etron,Sunny,0.0,1.0,0.0,0.0,0.0,0.0
155,0.0,Green light,-25.677942013593867,22.29661739592184,You are respecting the current speed limits,30.0,NAVIGATING,90.0,0:01:00.483762,7.608706895722548,Audi Etron,Sunny,0.0,1.0,0.0,0.0,0.0,0.0
156,0.0,Green light,-32.338530363260354,20.298440891021894,You are respecting the current speed limits,30.0,NAVIGATING,90.0,0:01:00.849947,7.1765434946544,Audi Etron,Sunny,0.0,1.0,0.0,0.0,0.0,0.0
157,0.0,Green light,-37.57382353325377,18.72785294002387,You are respecting the current speed limits,30.0,NAVIGATING,90.0,0:01:01.213490,6.8150083067571785,Audi Etron,Sunny,0.0,1.0,0.0,0.0,0.0,0.0
158,0.0,Green light,-34.64640628931708,19.606078113204877,You are respecting the current speed limits,30.0,NAVIGATING,90.0,0:01:01.542610,7.087992549455203,Audi Etron,Sunny,0.0,1.0,0.0,0.0,0.0,0.0
159,0.0,Green light,-25.06692558984683,22.47992232304595,You are respecting the current speed limits,30.0,NAVIGATING,90.0,0:01:01.900654,7.824868258607989,Audi Etron,Sunny,0.0,1.0,0.0,0.0,0.0,0.0
160,0.0,Green light,-19.54036416503719,24.137890750488843,You are respecting the current speed limits,30.0,NAVIGATING,90.0,0:01:02.197555,8.366674898137916,Audi Etron,Sunny,0.0,1.0,0.0,0.0,0.0,0.0
161,0.0,Green light,-10.17250742870285,26.948247771389145,You are respecting the current speed limits,30.0,NAVIGATING,90.0,0:01:02.561582,9.355109907988883,Audi Etron,Sunny,0.0,1.0,0.0,0.0,0.0,0.0
162,0.0,Green light,-6.043655981987139,28.18690320540386,You are respecting the current speed limits,30.0,NAVIGATING,90.0,0:01:02.878733,10.750073157956919,Audi Etron,Sunny,0.0,1.0,0.0,0.0,0.0,0.0
163,0.0,Green light,-1.541127282451254,29.537661815264624,You are respecting the current speed limits,30.0,NAVIGATING,90.0,0:01:03.233794,12.483565137316296,Audi Etron,Sunny,0.0,1.0,0.0,0.0,0.0,0.0
164,0.0,Green light,-12.094468091882824,26.371659572435153,You are respecting the current speed limits,30.0,NAVIGATING,90.0,0:01:03.536744,14.024865137721743,Audi Etron,Sunny,0.0,1.0,0.0,0.0,0.0,0.0
165,0.0,Green light,-11.17080151057498,26.648759546827506,You are respecting the current speed limits,30.0,NAVIGATING,90.0,0:01:03.840938,15.260985790727984,Audi Etron,Sunny,0.0,1.0,0.0,0.0,0.0,0.0
166,0.0,Green light,-4.492489415230239,28.65225317543093,You are respecting the current speed limits,30.0,NAVIGATING,90.0,0:01:04.154014,16.798943937958,Audi Etron,Sunny,0.0,1.0,0.0,0.0,0.0,0.0
167,0.0,Green light,4.543779000318271,31.36313370009548,You are respecting the current speed limits,30.0,NAVIGATING,90.0,0:01:04.567907,19.26855088358383,Audi Etron,Sunny,0.0,1.0,0.0,0.0,0.0,0.0
168,0.0,Green light,-3.7387199871406436,28.878384003857807,You are respecting the current speed limits,30.0,NAVIGATING,90.0,0:01:04.879076,21.081109405675367,Audi Etron,Sunny,0.0,1.0,0.0,0.0,0.0,0.0
169,0.0,Green light,-13.645685804890844,25.906294258532746,You are respecting the current speed limits,30.0,NAVIGATING,90.0,0:01:05.430042,23.777096977622044,Audi Etron,Sunny,0.0,1.0,0.0,0.0,0.0,0.0
170,0.0,Green light,-12.089920736098053,26.373023779170584,You are respecting the current speed limits,30.0,NAVIGATING,90.0,0:01:05.789595,25.539342245270532,Audi Etron,Sunny,0.0,1.0,0.0,0.0,0.0,0.0
171,0.0,Green light,-12.344795688681032,26.29656129339569,You are respecting the current speed limits,30.0,NAVIGATING,90.0,0:01:06.172570,27.317170412370473,Audi Etron,Sunny,0.0,1.0,0.0,0.0,0.0,0.0
172,0.0,Green light,-21.694598805070378,23.491620358478887,You are respecting the current speed limits,30.0,NAVIGATING,90.0,0:01:06.485732,28.80883744966249,Audi Etron,Sunny,0.0,1.0,0.0,0.0,0.0,0.0
173,0.0,Green light,-28.51258621181696,21.446224136454912,You are respecting the current speed limits,30.0,NAVIGATING,90.0,0:01:06.816091,30.157227438332026,Audi Etron,Sunny,0.0,1.0,0.0,0.0,0.0,0.0
174,0.0,Green light,-22.571920424915568,23.22842387252533,You are respecting the current speed limits,30.0,NAVIGATING,90.0,0:01:07.232137,31.97716233841985,Audi Etron,Sunny,0.0,1.0,0.0,0.0,0.0,0.0
175,0.0,Green light,-16.959696993546558,24.912090901936033,You are respecting the current speed limits,30.0,NAVIGATING,90.0,0:01:07.594177,33.75892949667577,Audi Etron,Sunny,0.0,1.0,0.0,0.0,0.0,0.0
176,0.0,Green light,-1.5130100552594665,29.54609698342216,You are respecting the current speed limits,30.0,NAVIGATING,90.0,0:01:08.212048,36.85317138373349,Audi Etron,Sunny,0.0,1.0,0.0,0.0,0.0,0.0
177,0.0,Green light,5.547817485026426,31.664345245507928,You are respecting the current speed limits,30.0,NAVIGATING,90.0,0:01:08.545688,38.81881487832378,Audi Etron,Sunny,0.0,1.0,0.0,0.0,0.0,0.0
178,0.0,Green light,-8.88521543757766,27.3344353687267,You are respecting the current speed limits,30.0,NAVIGATING,90.0,0:01:09.114029,42.06279112267616,Audi Etron,Sunny,0.0,1.0,0.0,0.0,0.0,0.0
179,0.0,Green light,-23.161726281877446,23.051482115436766,You are respecting the current speed limits,30.0,NAVIGATING,90.0,0:01:09.464609,43.74421785646741,Audi Etron,Sunny,0.0,1.0,0.0,0.0,0.0,0.0
180,0.0,Green light,-23.202190847947648,23.039342745615706,You are respecting the current speed limits,30.0,NAVIGATING,90.0,0:01:09.788743,45.15532054060223,Audi Etron,Sunny,0.0,1.0,0.0,0.0,0.0,0.0
181,0.0,Green light,-23.815883278643295,22.85523501640701,You are respecting the current speed limits,30.0,NAVIGATING,90.0,0:01:10.232072,47.06458317210884,Audi Etron,Sunny,0.0,1.0,0.0,0.0,0.0,0.0
182,0.0,Green light,-26.855916069507174,21.94322517914785,You are respecting the current speed limits,30.0,NAVIGATING,90.0,0:01:10.595435,48.50217234958092,Audi Etron,Sunny,0.0,1.0,0.0,0.0,0.0,0.0
183,0.0,Green light,10.224510952987558,33.06735328589627,You are respecting the current speed limits,30.0,NAVIGATING,90.0,0:01:11.900137,54.379787146717135,Audi Etron,Sunny,0.0,1.0,0.0,0.0,0.0,0.0
184,0.0,Green light,13.096129083963485,33.928838725189046,You are respecting the current speed limits,30.0,NAVIGATING,90.0,0:01:12.270657,55.67156001229165,Audi Etron,Sunny,0.0,1.0,0.0,0.0,0.0,0.0
185,0.0,Green light,-4.4518727549835075,28.664438173504948,You are respecting the current speed limits,30.0,NAVIGATING,90.0,0:01:12.647404,57.40536528371532,Audi Etron,Sunny,0.0,1.0,0.0,0.0,0.0,0.0
186,0.0,Green light,-28.834016639046993,21.349795008285902,You are respecting the current speed limits,30.0,NAVIGATING,90.0,0:01:12.940621,58.63089814855056,Audi Etron,Sunny,0.0,1.0,0.0,0.0,0.0,0.0
187,0.0,Green light,-37.95054248997321,18.614837253008037,You are respecting the current speed limits,30.0,NAVIGATING,90.0,0:01:13.364003,60.051923548354026,Audi Etron,Sunny,0.0,1.0,0.0,0.0,0.0,0.0
188,0.0,Green light,-41.596912351057355,17.520926294682795,You are respecting the current speed limits,30.0,NAVIGATING,90.0,0:01:13.744197,61.061248116742675,Audi Etron,Sunny,0.0,1.0,0.0,0.0,0.0,0.0
189,0.0,Green light,-43.08318944910008,17.075043165269975,You are respecting the current speed limits,30.0,NAVIGATING,90.0,0:01:14.123697,62.00897317758961,Audi Etron,Sunny,0.0,1.0,0.0,0.0,0.0,0.0
190,0.0,Green light,-39.66182376273952,18.101452871178143,You are respecting the current speed limits,30.0,NAVIGATING,90.0,0:01:14.477268,62.640608543821344,Audi Etron,Sunny,0.0,1.0,0.0,0.0,0.0,0.0
191,0.0,Green light,-31.205408731628893,20.638377380511333,You are respecting the current speed limits,30.0,NAVIGATING,90.0,0:01:14.818868,63.139725626429296,Audi Etron,Sunny,0.0,1.0,0.0,0.0,0.0,0.0
192,0.0,Green light,-20.68762878329796,23.793711365010612,You are respecting the current speed limits,30.0,NAVIGATING,90.0,0:01:15.426756,64.36039905338266,Audi Etron,Sunny,0.0,1.0,0.0,0.0,0.0,0.0
193,0.0,Green light,-22.98433419077983,23.10469974276605,You are respecting the current speed limits,30.0,NAVIGATING,90.0,0:01:15.716982,65.36887110908738,Audi Etron,Sunny,0.0,1.0,0.0,0.0,0.0,0.0
194,0.0,Green light,-19.548057004035506,24.135582898789348,You are respecting the current speed limits,30.0,NAVIGATING,90.0,0:01:16.003218,66.40917579845996,Audi Etron,Sunny,0.0,1.0,0.0,0.0,0.0,0.0
195,0.0,Green light,-17.03812249939135,24.888563250182596,You are respecting the current speed limits,30.0,NAVIGATING,90.0,0:01:16.379211,67.85406968467656,Audi Etron,Sunny,0.0,1.0,0.0,0.0,0.0,0.0
196,0.0,Green light,-18.41741743334899,24.474774769995303,You are respecting the current speed limits,30.0,NAVIGATING,90.0,0:01:16.729277,69.41401154984081,Audi Etron,Sunny,0.0,1.0,0.0,0.0,0.0,0.0
197,0.0,Green light,-8.980094656716902,27.30597160298493,You are respecting the current speed limits,30.0,NAVIGATING,90.0,0:01:17.039300,70.94253875467957,Audi Etron,Sunny,0.0,1.0,0.0,0.0,0.0,0.0
198,0.0,Green light,-2.7607584319892338,29.17177247040323,You are respecting the current speed limits,30.0,NAVIGATING,90.0,0:01:17.416274,72.86341240401025,Audi Etron,Sunny,0.0,1.0,0.0,0.0,0.0,0.0
199,0.0,Green light,-5.6007875697371645,28.31976372907885,You are respecting the current speed limits,30.0,NAVIGATING,90.0,0:01:17.761352,74.62687648265698,Audi Etron,Sunny,0.0,1.0,0.0,0.0,0.0,0.0
200,0.0,Green light,-16.890163481184974,24.932950955644507,You are respecting the current speed limits,30.0,NAVIGATING,90.0,0:01:18.069526,76.06332652907456,Audi Etron,Sunny,0.0,1.0,0.0,0.0,0.0,0.0
201,0.0,Green light,-4.808078939823932,28.55757631805282,You are respecting the current speed limits,30.0,NAVIGATING,90.0,0:01:19.236635,76.06255186970417,Audi Etron,Sunny,0.0,1.0,0.0,0.0,0.0,0.0
202,0.0,Green light,-1.722287369201704,29.48331378923949,You are respecting the current speed limits,30.0,NAVIGATING,90.0,0:01:19.600663,74.5089397595434,Audi Etron,Sunny,0.0,1.0,0.0,0.0,0.0,0.0
203,0.0,Green light,-21.639660296076084,23.508101911177175,You are respecting the current speed limits,30.0,NAVIGATING,90.0,0:01:21.161123,69.19870977416117,Audi Etron,Sunny,0.0,1.0,0.0,0.0,0.0,0.0
204,0.0,Green light,-83.30144587117212,5.0095662386483655,You are respecting the current speed limits,30.0,NAVIGATING,90.0,0:01:21.564045,68.88627427194402,Audi Etron,Sunny,0.0,1.0,0.0,0.0,0.0,0.0
205,0.0,Green light,-97.20934794179432,0.837195617461703,You are respecting the current speed limits,30.0,NAVIGATING,90.0,0:01:21.956846,68.72657151905364,Audi Etron,Sunny,0.0,1.0,0.0,0.0,0.0,0.0
206,0.0,Green light,-98.83171610763956,0.35048516770812843,You are respecting the current speed limits,30.0,NAVIGATING,90.0,0:01:22.298931,68.697074015507,Audi Etron,Sunny,0.0,1.0,0.0,0.0,0.0,0.0
207,0.0,Green light,-99.08080333566394,0.2757589993008147,You are respecting the current speed limits,30.0,NAVIGATING,90.0,0:01:22.699859,68.67219121868592,Audi Etron,Sunny,0.0,1.0,0.0,0.0,0.0,0.0
208,0.0,Green light,-99.1385495248385,0.2584351425484548,You are respecting the current speed limits,30.0,NAVIGATING,90.0,0:01:23.024990,68.6490746362041,Audi Etron,Sunny,0.0,1.0,0.0,0.0,0.0,0.0
